idPerson,FIRST_NAME,MIDDLE INITIAL,LAST_NAME,UTC_TIMEZONE,EMAIL,PHONE NUMBER,PLATFORM_A_CONVO_COUNT,PLATFORM_B_CONVO_COUNT,PLATFORM_C_CONVO_COUNT
635989,Misti,N,Justesen,UTC -7,Misti.N.Justesen@gmail.com,+38(340)9777625,0,0,0
956749,Ermelinda,k,Stokel,UTC -8,Ermelinda.k.Stokel@gmail.com,(299)1178214,0,0,0
905401,Cristi,Y,Morken,UTC -7,Cristi.Y.Morken@gmail.com,(765)4804276,0,0,0
337923,Cristopher,L,Delair,UTC -1,Cristopher.L.Delair@gmail.com,(387)-718-0267,0,0,0
198538,Norberto,i,Budd,UTC 2,Norberto.i.Budd@gmail.com,(709)784301,0,0,0
628883,Bronwyn,i,Heistand,UTC -10,Bronwyn.i.Heistand@gmail.com,(911)6810894,0,0,0
346119,Rosaline,e,Scandalios,UTC 4,Rosaline.e.Scandalios@gmail.com,5872303463,0,0,0
588389,Beau,R,Deming,UTC -5,Beau.R.Deming@gmail.com,1711722888,0,0,0
473273,Elmer,G,Packineau,UTC 4,Elmer.G.Packineau@gmail.com,(830)5952595,0,0,0
986870,Brandy,q,Lapin,UTC 3,Brandy.q.Lapin@gmail.com,+1(809)7915904,0,0,0
363371,Leeanna,N,Freistuhler,UTC 0,Leeanna.N.Freistuhler@gmail.com,(+15)(854)-659-7524,0,0,0
653841,Laurinda,z,Mirman,UTC 6,Laurinda.z.Mirman@gmail.com,(790)-200-6061,0,0,0
665572,Karl,t,Magdefrau,UTC 0,Karl.t.Magdefrau@gmail.com,+62(506)9480869,0,0,0
120845,Mai,g,Schermann,UTC 11,Mai.g.Schermann@gmail.com,(150)-538-7267,0,0,0
658729,Astrid,e,Leneau,UTC 10,Astrid.e.Leneau@gmail.com,476-855-7955,0,0,0
860336,Angle,A,Halbrooks,UTC -7,Angle.A.Halbrooks@gmail.com,5977996489,0,0,0
937906,America,v,Simar,UTC -5,America.v.Simar@gmail.com,+30(661)3718414,0,0,0
285590,Junie,a,Cantone,UTC -9,Junie.a.Cantone@gmail.com,(183)3975033,0,0,0
795230,Hershel,O,Netter,UTC 3,Hershel.O.Netter@gmail.com,(257)-097-7480,0,0,0
524900,Eula,o,Aguilera,UTC 7,Eula.o.Aguilera@gmail.com,474-826-1387,0,0,0
594093,Madalene,k,Fierros,UTC 8,Madalene.k.Fierros@gmail.com,3011870230,0,0,0
299558,Quinton,k,Gresko,UTC -2,Quinton.k.Gresko@gmail.com,+69(789)1389510,0,0,0
953066,Florene,d,Houglum,UTC -1,Florene.d.Houglum@gmail.com,(944)-198-2901,0,0,0
368450,Karan,C,Codispot,UTC -9,Karan.C.Codispot@gmail.com,171-889-9406,0,0,0
164902,Guillermina,T,Quander,UTC -9,Guillermina.T.Quander@gmail.com,+1(724)3483329,0,0,0
308427,Cassi,f,Bisignano,UTC -4,Cassi.f.Bisignano@gmail.com,+175363222386,0,0,0
100730,Ricki,o,Petermeier,UTC 0,Ricki.o.Petermeier@gmail.com,+27246-657-4186,0,0,0
53842,Son,i,Swendsen,UTC 9,Son.i.Swendsen@gmail.com,506-015-2454,0,0,0
511915,Marcelina,S,Puskas,UTC 0,Marcelina.S.Puskas@gmail.com,(+81)(399)-290-9251,0,0,0
827984,Nguyet,K,Tubville,UTC 7,Nguyet.K.Tubville@gmail.com,(+9)(396)-247-8812,0,0,0
183661,Lilliana,P,Banker,UTC -8,Lilliana.P.Banker@gmail.com,(102)672245,0,0,0
503610,Anastacia,y,Headman,UTC 8,Anastacia.y.Headman@gmail.com,368-287-2641,0,0,0
649604,Tran,G,Jecmenek,UTC 4,Tran.G.Jecmenek@gmail.com,+1(661)5558042,0,0,0
313854,Sherman,Q,Salter,UTC -5,Sherman.Q.Salter@gmail.com,+1(377)3822601,0,0,0
349202,Wanita,x,Lampkins,UTC 10,Wanita.x.Lampkins@gmail.com,(+1)(787)-685-6502,0,0,0
779192,Wen,o,Chong,UTC -3,Wen.o.Chong@gmail.com,6439497109,0,0,0
312703,Shavon,f,Hennigan,UTC -4,Shavon.f.Hennigan@gmail.com,(+1)(468)-794-9378,0,0,0
335221,Amparo,H,Rackow,UTC 5,Amparo.H.Rackow@gmail.com,+1728-523-5024,0,0,0
995255,Marylin,A,Zeis,UTC 6,Marylin.A.Zeis@gmail.com,(392)-351-6711,0,0,0
965160,Roseann,Q,Riase,UTC -2,Roseann.Q.Riase@gmail.com,(496)-664-8735,0,0,0
334838,Florencia,P,Wethington,UTC 7,Florencia.P.Wethington@gmail.com,851-667-0637,0,0,0
238060,Cherish,Y,Becks,UTC 11,Cherish.Y.Becks@gmail.com,5655575776,0,0,0
592530,Cora,k,Mcquerry,UTC 10,Cora.k.Mcquerry@gmail.com,307-298-9569,0,0,0
465698,Ranae,W,Dederich,UTC -4,Ranae.W.Dederich@gmail.com,(592)-669-5033,0,0,0
75827,Wallace,O,Yambo,UTC 12,Wallace.O.Yambo@gmail.com,(+52)(320)-005-9065,0,0,0
47193,Shantel,A,Macri,UTC -11,Shantel.A.Macri@gmail.com,+1(672)6581703,0,0,0
679084,Fredricka,v,Woodham,UTC 1,Fredricka.v.Woodham@gmail.com,687-527-47,0,0,0
613453,Karey,D,Babbin,UTC -11,Karey.D.Babbin@gmail.com,316-241-5056,0,0,0
608417,Latia,w,Murakawa,UTC -2,Latia.w.Murakawa@gmail.com,7386711070,0,0,0
167829,Shondra,h,Violette,UTC 11,Shondra.h.Violette@gmail.com,+1688-772-7907,0,0,0
770616,Vernita,z,Vandeputte,UTC 0,Vernita.z.Vandeputte@gmail.com,1485956344,0,0,0
313942,Latoria,L,Scriver,UTC -1,Latoria.L.Scriver@gmail.com,3223642297,0,0,0
245076,Carmelo,d,Cohens,UTC 11,Carmelo.d.Cohens@gmail.com,511-419-2663,0,0,0
461858,Tora,v,Gardino,UTC 10,Tora.v.Gardino@gmail.com,6802351914,0,0,0
461265,Alyse,t,Birckett,UTC 1,Alyse.t.Birckett@gmail.com,(388)-948-8097,0,0,0
752765,Sal,p,Beaufait,UTC -8,Sal.p.Beaufait@gmail.com,(+1)(475)-723-4889,0,0,0
286041,Olympia,w,Malafronte,UTC -7,Olympia.w.Malafronte@gmail.com,3783402433,0,0,0
416998,Lesha,Q,Housley,UTC 10,Lesha.Q.Housley@gmail.com,(526)8161877,0,0,0
758485,Un,R,Lehnen,UTC -7,Un.R.Lehnen@gmail.com,2288993536,0,0,0
167753,Maire,z,Huppenbauer,UTC -10,Maire.z.Huppenbauer@gmail.com,(520)3225753,0,0,0
919671,Shirely,d,Versteegh,UTC 5,Shirely.d.Versteegh@gmail.com,+1(699)270572,0,0,0
719461,Petronila,Y,Blanken,UTC -8,Petronila.Y.Blanken@gmail.com,(+9)(246)-680-4734,0,0,0
189706,Petrina,N,Houseman,UTC 12,Petrina.N.Houseman@gmail.com,9980997530,0,0,0
617392,Lia,A,Muckey,UTC -5,Lia.A.Muckey@gmail.com,133-493-0171,0,0,0
73251,Tameika,f,Hillaire,UTC -11,Tameika.f.Hillaire@gmail.com,9603394830,0,0,0
526099,Modesta,y,Gaer,UTC -5,Modesta.y.Gaer@gmail.com,(186)-462-5440,0,0,0
841017,Kyong,d,Gottleber,UTC 5,Kyong.d.Gottleber@gmail.com,+1688-170-7958,0,0,0
477585,Hae,e,Scherrer,UTC -8,Hae.e.Scherrer@gmail.com,(396)1633045,0,0,0
731304,Shayla,p,Sickafoose,UTC -10,Shayla.p.Sickafoose@gmail.com,892-152-832,0,0,0
347656,Shayne,g,Crumlish,UTC 4,Shayne.g.Crumlish@gmail.com,(672)3573213,0,0,0
901963,Hugh,j,Lammers,UTC 9,Hugh.j.Lammers@gmail.com,6597119649,0,0,0
73910,Ruthe,b,Gionson,UTC -1,Ruthe.b.Gionson@gmail.com,(256)-282-0388,0,0,0
49206,Bianca,O,Tabeling,UTC -7,Bianca.O.Tabeling@gmail.com,(+18)(386)-383-0014,0,0,0
326023,Vernell,n,Delhomme,UTC -4,Vernell.n.Delhomme@gmail.com,+56(378)1240860,0,0,0
729154,Lura,h,Nacar,UTC -9,Lura.h.Nacar@gmail.com,(222)591646,0,0,0
813491,Patty,u,Dunzelman,UTC -5,Patty.u.Dunzelman@gmail.com,+64(693)3547540,0,0,0
994818,Shakita,B,Bussard,UTC 1,Shakita.B.Bussard@gmail.com,(+47)(681)-609-7225,0,0,0
117183,Krystin,f,Tarazon,UTC 0,Krystin.f.Tarazon@gmail.com,507-081-3790,0,0,0
485337,Kenyetta,j,Stupak,UTC 3,Kenyetta.j.Stupak@gmail.com,(682)4524314,0,0,0
881369,Maryellen,n,Snethen,UTC 1,Maryellen.n.Snethen@gmail.com,1634392949,0,0,0
65013,Erich,G,Ogas,UTC 2,Erich.G.Ogas@gmail.com,4505228276,0,0,0
912871,Angelia,c,Gonsoulin,UTC -10,Angelia.c.Gonsoulin@gmail.com,(849)8567445,0,0,0
495701,Lesley,Z,Scavo,UTC -11,Lesley.Z.Scavo@gmail.com,+13421309231,0,0,0
718125,Asia,D,Cronce,UTC -11,Asia.D.Cronce@gmail.com,420813690,0,0,0
19609,Dirk,q,Guyott,UTC 8,Dirk.q.Guyott@gmail.com,+1(125)4268743,0,0,0
928209,Catarina,Q,Stowbridge,UTC -4,Catarina.Q.Stowbridge@gmail.com,+17242507930,0,0,0
930225,Krystina,h,Schroeder,UTC -11,Krystina.h.Schroeder@gmail.com,(860)9404932,0,0,0
585779,Genna,E,Deromer,UTC 5,Genna.E.Deromer@gmail.com,(227)-026-4293,0,0,0
51113,Carita,q,Lawwill,UTC -10,Carita.q.Lawwill@gmail.com,(+84)(536)-337-8970,0,0,0
200613,Walton,u,Diogo,UTC -9,Walton.u.Diogo@gmail.com,(644)-677-3786,0,0,0
6196,Maria,O,Shain,UTC -12,Maria.O.Shain@gmail.com,+291957884743,0,0,0
115720,Creola,U,Ort,UTC -4,Creola.U.Ort@gmail.com,774-144-4240,0,0,0
930991,Golda,P,Mcdonnall,UTC -7,Golda.P.Mcdonnall@gmail.com,470-161-4021,0,0,0
330528,Jean,F,Bagheri,UTC 5,Jean.F.Bagheri@gmail.com,(734)224605,0,0,0
346555,Erick,Q,Aho,UTC 12,Erick.Q.Aho@gmail.com,+609972544864,0,0,0
383738,Tiffanie,e,Dooling,UTC 9,Tiffanie.e.Dooling@gmail.com,8837159347,0,0,0
918860,Tanya,S,Osterdyk,UTC 5,Tanya.S.Osterdyk@gmail.com,(196)-230-1106,0,0,0
626079,Tera,x,Hartly,UTC 0,Tera.x.Hartly@gmail.com,(745)-748-3,0,0,0
803667,Eugene,b,Lapham,UTC -2,Eugene.b.Lapham@gmail.com,3928325372,0,0,0
876312,Jerold,c,Lipszyc,UTC -3,Jerold.c.Lipszyc@gmail.com,(329)0420369,0,0,0